Hipertenso,Colesterol,Triglicéridos,Edad,Diabético,Problemas cardíacos
no,bajo,normal,<40,si,no
si,bajo,elevado,<40,si,no
si,bajo,elevado,>60,si,si
si,medio,elevado,>60,no,si
no,medio,elevado,<40,no,si
no,medio,normal,entre 40-60,si,no
si,alto,normal,entre 40-60,si,si
si,alto,normal,entre 40-60,si,si
si,alto,elevado,>60,no,si
no,alto,normal,<40,no,no
no,bajo,normal,<40,si,no
si,bajo,elevado,<40,si,no
si,bajo,elevado,>60,si,si
si,bajo,elevado,>60,si,si
si,medio,elevado,>60,no,si
no,medio,elevado,<40,no,si
si,alto,elevado,>60,no,si
no,alto,normal,<40,no,no
no,bajo,normal,<40,si,no
si,bajo,elevado,<40,si,no
si,bajo,elevado,>60,si,si
si,bajo,elevado,>60,si,si
si,medio,elevado,>60,no,si
si,bajo,elevado,>60,si,si
si,bajo,elevado,>60,si,si
si,medio,elevado,>60,no,si
no,medio,elevado,<40,no,si
si,alto,elevado,>60,no,si
no,alto,normal,<40,no,no
no,bajo,normal,<40,si,no
si,bajo,elevado,<40,si,no
si,bajo,elevado,>60,si,si
si,medio,elevado,>60,no,si
no,medio,elevado,<40,no,si
si,alto,elevado,>60,no,si
no,alto,normal,<40,no,no
no,bajo,normal,<40,si,no
si,bajo,elevado,<40,si,no
si,bajo,elevado,>60,si,si
no,medio,elevado,<40,no,si
si,alto,elevado,>60,no,si
no,alto,normal,<40,no,no
no,bajo,normal,<40,si,no
si,bajo,elevado,<40,si,no
si,bajo,elevado,>60,si,si
si,bajo,elevado,<40,si,no
si,bajo,elevado,>60,si,si
si,medio,elevado,>60,no,si
no,medio,elevado,<40,no,si
si,alto,elevado,>60,no,si
no,alto,normal,<40,no,no
no,bajo,normal,<40,si,no
si,bajo,elevado,<40,si,no
si,bajo,elevado,>60,si,si
no,medio,elevado,<40,no,si
si,alto,elevado,>60,no,si
no,alto,normal,<40,no,no
no,bajo,normal,<40,si,no
si,bajo,elevado,>60,si,si
si,medio,elevado,>60,no,si
no,medio,elevado,<40,no,si
si,alto,elevado,>60,no,si
no,alto,normal,<40,no,no
no,bajo,normal,<40,si,no
si,bajo,elevado,<40,si,no
si,bajo,elevado,>60,si,si
no,medio,elevado,<40,no,si
si,alto,elevado,>60,no,si
no,alto,normal,<40,no,no
no,bajo,normal,<40,si,no
no,medio,normal,entre 40-60,si,no
si,alto,normal,entre 40-60,si,si
si,alto,normal,entre 40-60,si,si
si,alto,normal,entre 40-60,si,si
si,alto,normal,entre 40-60,si,si
si,alto,elevado,>60,no,si
no,alto,normal,<40,no,no
no,bajo,normal,<40,si,no
no,alto,normal,<40,no,no
no,bajo,normal,<40,si,no
no,medio,normal,entre 40-60,si,no
si,alto,normal,entre 40-60,si,si
no,medio,elevado,<40,no,si
si,alto,elevado,>60,no,si
no,alto,normal,<40,no,no
no,bajo,normal,<40,si,no
si,bajo,elevado,<40,si,no
si,bajo,elevado,>60,si,si
si,bajo,elevado,<40,si,no
no,bajo,normal,<40,si,no
no,medio,normal,entre 40-60,si,no
si,alto,normal,entre 40-60,si,si
no,medio,elevado,<40,no,si
si,alto,elevado,>60,no,si
no,alto,normal,<40,no,no
no,bajo,normal,<40,si,no
si,alto,elevado,>60,no,si
no,alto,normal,<40,no,no
no,bajo,normal,<40,si,no
no,alto,normal,<40,no,no